id_boite,global_id,code_local,numero_boite_local,date_creation,statut_boite,id_souche
1,POLYPBASE-000001,ALA-JKA-1.02,02,,historique,1
2,POLYPBASE-000002,ALA-JKA-1.03,03,,historique,1
3,POLYPBASE-000003,ALA-JKA-1.04,04,,historique,1
4,POLYPBASE-000004,ALI-JKA-1.03,03,,historique,2
5,POLYPBASE-000005,ALI-JKA-1.04,04,,historique,2
6,POLYPBASE-000006,ALI-JKA-2.02,02,,historique,3
7,POLYPBASE-000007,ALI-FPA-3.01,01,,historique,4
8,POLYPBASE-000008,AMA-JKA-1.01,01,,historique,5
9,POLYPBASE-000009,AMA-JKA-1.03,03,,historique,5
10,POLYPBASE-000010,AMA-JKA-1.04,04,,historique,5
11,POLYPBASE-000011,LAQ-JKA-1.01,01,,historique,6
12,POLYPBASE-000012,LAQ-JKA-1.02,02,,historique,6
13,POLYPBASE-000013,LUN-ESS-1.03,03,,historique,7
14,POLYPBASE-000014,LUN-ABR-2.01,01,,historique,8
15,POLYPBASE-000015,AMO-JKA-1.01,01,,historique,9
16,POLYPBASE-000016,AMO-JKA-1.02,02,,historique,9
17,POLYPBASE-000017,CMA-JKA-1.01,01,,historique,10
18,POLYPBASE-000018,CMA-JKA-1.02,02,,historique,10
19,POLYPBASE-000019,CMA-JKA-1.03,03,,historique,10
20,POLYPBASE-000020,ACO-JKA-2.01,01,,historique,11
21,POLYPBASE-000021,ACO-JKA-2.02,02,,historique,11
22,POLYPBASE-000022,AVI-JKA-1.03,03,,historique,12
23,POLYPBASE-000023,AVI-JKA-1.04,04,,historique,12
24,POLYPBASE-000024,CLH-FVI-1.01,01,,historique,13
25,POLYPBASE-000025,CLH-FVI-1.02,02,,historique,13
26,POLYPBASE-000026,CSO-JKA-2.01,01,,historique,14
27,POLYPBASE-000027,CSO-JKA-3.01,01,,historique,15
28,POLYPBASE-000028,ELA-FPA-1.01,01,,historique,16
29,POLYPBASE-000029,ELA-FPA-1.02,02,,historique,16
30,POLYPBASE-000030,EIN-JKA-1.01,01,,historique,17
31,POLYPBASE-000031,EIN-JKA-1.03,03,,historique,17
32,POLYPBASE-000032,LSP-FPA-1.01,01,,historique,18
33,POLYPBASE-000033,LSP-JKA-1.03,03,,historique,19
34,POLYPBASE-000034,NBR-JKA-1.01,01,,historique,20
35,POLYPBASE-000035,NBR-JKA-1.03,03,,historique,20
36,POLYPBASE-000036,NBR-JKA-1.04,04,,historique,20
37,POLYPBASE-000037,PRU-ABE-1.01,01,,historique,21
38,POLYPBASE-000038,STU-JKA-1.01,01,,historique,22
39,POLYPBASE-000039,STU-JKA-1.02,02,,historique,22
40,POLYPBASE-000040,TMU-JKA-1.02,02,,historique,23
41,POLYPBASE-000041,TMU-JKA-1.03,03,,historique,23
42,POLYPBASE-000042,TFO-JKA-1.01,01,,historique,24
43,POLYPBASE-000043,TFO-JKA-1.03,03,,historique,24
44,POLYPBASE-000044,TFO-JKA-1.04,04,,historique,24
45,POLYPBASE-000045,TSP-JKA-1.01,01,,historique,25
46,POLYPBASE-000046,TSP-JKA-1.02,02,,historique,25
47,POLYPBASE-000047,CSP-FPA-1.04,04,,historique,26
48,POLYPBASE-000048,CSP-FPA-1.05,05,,historique,26
49,POLYPBASE-000049,CSP-FPA-2.01,01,,historique,27
50,POLYPBASE-000050,CSP-JKA-3.01,01,,historique,28
51,POLYPBASE-000051,CMO-JEN-1.02,02,,historique,29
52,POLYPBASE-000052,CMO-JEN-1.03,03,,historique,29
53,POLYPBASE-000053,CMO-JEN-2.01,01,,historique,30
54,POLYPBASE-000054,CCE-ABE-1.03,03,,historique,31
55,POLYPBASE-000055,CCE-ABE-1.04,04,,historique,31
56,POLYPBASE-000056,CTU-JKA-1.01,01,,historique,32
57,POLYPBASE-000057,CTU-JKA-1.02,02,,historique,32
58,POLYPBASE-000058,CTU-JKA-1.03,03,,historique,32
59,POLYPBASE-000059,CTU-JKA-1.04,04,,historique,32
60,POLYPBASE-000060,CTU-FCF-2.01,01,,historique,33
61,POLYPBASE-000061,CTU-ABE-3.01,01,,historique,34
62,POLYPBASE-000062,CTU-ABE-3.02,02,,historique,34
63,POLYPBASE-000063,LLU-JKA-1.04,04,,historique,35
64,POLYPBASE-000064,LLU-JKA-2.01,01,,historique,36
65,POLYPBASE-000065,MPA-JKA-2.02,02,,historique,37
66,POLYPBASE-000066,MPA-FMO-3.01,01,,historique,38
67,POLYPBASE-000067,NSE-ABE-1.01,01,,historique,39
68,POLYPBASE-000068,PPU-FRO-1.02,02,,historique,40
69,POLYPBASE-000069,PPU-FRO-1.03,03,,historique,40
70,POLYPBASE-000070,PPU-FRO-1.04,04,,historique,40
71,POLYPBASE-000071,RLU-JKA-1.03,03,,historique,41
72,POLYPBASE-000072,RLU-JKA-2.01,01,,historique,42
73,POLYPBASE-000073,ROC-AHM-1.01,01,,historique,43
74,POLYPBASE-000074,ROC-AHM-1.02,02,,historique,43
75,POLYPBASE-000075,RPU-JKA-2.02,02,,historique,44
76,POLYPBASE-000076,RPU-ESP-3.01,01,,historique,45
77,POLYPBASE-000077,RPU-ESP-3.02,02,,historique,45
78,POLYPBASE-000078,RAS-JKA-1.01,01,,historique,46
79,POLYPBASE-000079,RAS-JKA-1.02,02,,historique,46
80,POLYPBASE-000080,RES-JKA-1.01,01,,historique,47
81,POLYPBASE-000081,RES-JKA-1.02,02,,historique,47
82,POLYPBASE-000082,TTH-AVI-1.01,01,,historique,49
83,POLYPBASE-000083,TTH-AVI-1.03,03,,historique,49
84,POLYPBASE-000084,CAC-JKA-1.01,01,,historique,50
85,POLYPBASE-000085,CAC-JKA-1.02,02,,historique,50
86,POLYPBASE-000086,CCP-TPR-1.01,01,,historique,51
87,POLYPBASE-000087,CCP-TPR-1.02,02,,historique,51
88,POLYPBASE-000088,CCO-JKA-1.01,01,,historique,52
89,POLYPBASE-000089,CCO-JKA-1.02,02,,historique,52
90,POLYPBASE-000090,CFU-JKA-1.03,03,,historique,53
91,POLYPBASE-000091,CFU-JKA-2.01,01,,historique,54
92,POLYPBASE-000092,CFU-CHO-3.01,01,,historique,55
93,POLYPBASE-000093,CHE-JKA-1.01,01,,historique,56
94,POLYPBASE-000094,CHE-JKA-1.02,02,,historique,56
95,POLYPBASE-000095,CHY-CHO-1.03,03,,historique,57
96,POLYPBASE-000096,CHY-FDU-2.01,01,,historique,58
97,POLYPBASE-000097,CLA-JKA-1.01,01,,historique,59
98,POLYPBASE-000098,CLA-JKA-1.02,02,,historique,59
99,POLYPBASE-000099,CME-JKA-1.01,01,,historique,60
100,POLYPBASE-000100,CME-JKA-1.02,02,,historique,60
101,POLYPBASE-000101,CPA-JKA-1.01,01,,historique,61
102,POLYPBASE-000102,CPA-JKA-1.02,02,,historique,61
103,POLYPBASE-000103,CPL-PIL-2.03,03,,historique,62
104,POLYPBASE-000104,CPL-JKA-3.03,03,,historique,63
105,POLYPBASE-000105,CPL-JKA-4.01,01,,historique,64
106,POLYPBASE-000106,CQU-JKA-1.02,02,,historique,65
107,POLYPBASE-000107,CQU-JKA-1.03,03,,historique,65
108,POLYPBASE-000108,CCA-EOB-2.03,03,,historique,66
109,POLYPBASE-000109,CCA-NES-3.01,01,,historique,67
110,POLYPBASE-000110,CLA-AHE-2.01,01,,historique,68
111,POLYPBASE-000111,CLA-AHE-2.02,02,,historique,68
112,POLYPBASE-000112,CLA-EVA-3.01,01,,historique,69
113,POLYPBASE-000113,CNO-JKA-1.01,01,,historique,70
114,POLYPBASE-000114,CNO-JKA-1.02,02,,historique,70
115,POLYPBASE-000115,PPO-JKA-1.01,01,,historique,71
116,POLYPBASE-000116,PCA-JKA-1.03,03,,historique,72
117,POLYPBASE-000117,PCA-CHO-2.01,01,,historique,73
118,POLYPBASE-000118,PCA-ABE-3.01,01,,historique,74
119,POLYPBASE-000119,SMA-JKA-1.02,02,,historique,75
120,POLYPBASE-000120,SMA-JKA-1.03,03,,historique,75
121,POLYPBASE-000121,SMA-JKA-2.01,01,,historique,76
122,POLYPBASE-000122,ALA-JKA-1.05,05,,historique,1
123,POLYPBASE-000123,ALI-JKA-2.03,03,,historique,3
124,POLYPBASE-000124,AMA-JKA-1.05,05,,historique,5
125,POLYPBASE-000125,LAQ-JKA-1.03,03,,historique,6
126,POLYPBASE-000126,LUN-ESS-1.04,04,,historique,7
127,POLYPBASE-000127,AMO-JKA-1.03,03,,historique,9
128,POLYPBASE-000128,ACO-JKA-2.03,03,,historique,11
129,POLYPBASE-000129,AVI-JKA-1.05,05,,historique,12
130,POLYPBASE-000130,CLH-FVI-1.03,03,,historique,13
131,POLYPBASE-000131,ELA-FPA-1.03,03,,historique,16
132,POLYPBASE-000132,EIN-JKA-1.04,04,,historique,17
133,POLYPBASE-000133,LSP-FPA-1.04,04,,historique,18
134,POLYPBASE-000134,LSP-JKA-1.05,05,,historique,19
135,POLYPBASE-000135,STU-JKA-1.03,03,,historique,22
136,POLYPBASE-000136,STU-JKA-1.04,04,,historique,22
137,POLYPBASE-000137,TFO-JKA-1.05,05,,historique,24
138,POLYPBASE-000138,TFO-JKA-1.06,06,,historique,24
139,POLYPBASE-000139,TSP-JKA-1.03,03,,historique,25
140,POLYPBASE-000140,CSP-FPA-2.02,02,,historique,27
141,POLYPBASE-000141,CSP-FLR-3.01,01,,historique,77
142,POLYPBASE-000142,CMO-JEN-1.04,04,,historique,29
143,POLYPBASE-000143,CCE-ABE-1.05,05,,historique,31
144,POLYPBASE-000144,CTU-FCF-2.02,02,,historique,33
145,POLYPBASE-000145,MPA-JKA-3.01,01,,historique,78
146,POLYPBASE-000146,MPA-JKA-3.02,02,,historique,78
147,POLYPBASE-000147,PPU-FRO-1.05,05,,historique,40
148,POLYPBASE-000148,RLU-JKA-1.04,04,,historique,41
149,POLYPBASE-000149,ROC-1.01,01,,historique,79
150,POLYPBASE-000150,RPU-ESP-3.03,03,,historique,45
151,POLYPBASE-000151,RAS-JKA-1.03,03,,historique,46
152,POLYPBASE-000152,RES-JKA-1.03,03,,historique,47
153,POLYPBASE-000153,TTH-AVI-1.04,04,,historique,49
154,POLYPBASE-000154,CCP-TPR-1.03,03,,historique,51
155,POLYPBASE-000155,CCO-FRO-2.01,01,,historique,81
156,POLYPBASE-000156,CHY-CHO-1.04,04,,historique,57
157,POLYPBASE-000157,CME-JKA-1.03,03,,historique,60
158,POLYPBASE-000158,CPA-JKA-1.03,03,,historique,61
159,POLYPBASE-000159,CQU-JKA-1.04,04,,historique,65
160,POLYPBASE-000160,CCA-EOB-2.04,04,,historique,66
161,POLYPBASE-000161,CLA-EVA-3.02,02,,historique,69
162,POLYPBASE-000162,PCA-JKA-1.04,04,,historique,72
163,POLYPBASE-000163,PCA-CHO-2.02,02,,historique,73
164,POLYPBASE-000164,SMA-JKA-1.04,04,,historique,75
165,POLYPBASE-000165,SMA-JKA-2.02,02,,historique,76
166,POLYPBASE-000166,SMA-JKA-2.03,03,,historique,76
167,POLYPBASE-000167,ALA-JKA-1.06,06,,historique,1
168,POLYPBASE-000168,ALA-JKA-1.07,07,,historique,1
169,POLYPBASE-000169,ALI-FPA-3.02,02,,historique,4
170,POLYPBASE-000170,AMA-JKA-1.06,06,,historique,5
171,POLYPBASE-000171,AMA-JKA-1.07,07,,historique,5
172,POLYPBASE-000172,LAQ-JKA-1.04,04,,historique,6
173,POLYPBASE-000173,LAQ-JKA-1.05,05,,historique,6
174,POLYPBASE-000174,LAQ-JKA-1.06,06,,historique,6
175,POLYPBASE-000175,LUN-ESS-1.05,05,,historique,7
176,POLYPBASE-000176,LUN-ESS-1.06,06,,historique,7
177,POLYPBASE-000177,AMO-JKA-1.04,04,,historique,9
178,POLYPBASE-000178,AMO-JKA-1.05,05,,historique,9
179,POLYPBASE-000179,AMO-JKA-1.06,06,,historique,9
180,POLYPBASE-000180,CMA-JKA-1.04,04,,historique,10
181,POLYPBASE-000181,CMA-JKA-1.05,05,,historique,10
182,POLYPBASE-000182,TBI-JKA-1.01,01,,historique,82
183,POLYPBASE-000183,ACO-JKA-2.04,04,,historique,11
184,POLYPBASE-000184,ACO-JKA-2.05,05,,historique,11
185,POLYPBASE-000185,AMD-JKA-1.01,01,,historique,83
186,POLYPBASE-000186,AVI-JKA-1.06,06,,historique,12
187,POLYPBASE-000187,CLS-FPA-1.01,01,,historique,84
188,POLYPBASE-000188,CLH-FVI-1.04,04,,historique,13
189,POLYPBASE-000189,CSO-JKA-4.01,01,,historique,85
190,POLYPBASE-000190,CSO-JKA-4.02,02,,historique,85
191,POLYPBASE-000191,CSO-JKA-4.03,03,,historique,85
192,POLYPBASE-000192,CSO-JKA-4.04,04,,historique,85
193,POLYPBASE-000193,EHE-JKA-1.01,01,,historique,86
194,POLYPBASE-000194,ELA-FPA-1.04,04,,historique,16
195,POLYPBASE-000195,ELA-FPA-1.05,05,,historique,16
196,POLYPBASE-000196,EIN-JKA-1.05,05,,historique,17
197,POLYPBASE-000197,LSP-JKA-1.06,06,,historique,19
198,POLYPBASE-000198,MOC-JKA-1.01,01,,historique,87
199,POLYPBASE-000199,NBR-JKA-1.05,05,,historique,20
200,POLYPBASE-000200,STU-JKA-1.05,05,,historique,22
201,POLYPBASE-000201,TMU-JKA-2.01,01,,historique,88
202,POLYPBASE-000202,TNI-JKA-1.01,01,,historique,89
203,POLYPBASE-000203,CSP-FPA-1.06,06,,historique,26
204,POLYPBASE-000204,CSP-FLR-3.02,02,,historique,77
205,POLYPBASE-000205,CMO-JEN-1.05,05,,historique,29
206,POLYPBASE-000206,CMO-JEN-1.06,06,,historique,29
207,POLYPBASE-000207,CMO-JEN-1.07,07,,historique,29
208,POLYPBASE-000208,CCE-ABE-1.06,06,,historique,31
209,POLYPBASE-000209,CCE-ABE-1.07,07,,historique,31
210,POLYPBASE-000210,CTU-FCF-2.03,03,,historique,33
211,POLYPBASE-000211,CTU-ABE-3.03,03,,historique,34
212,POLYPBASE-000212,LLU-JKA-2.02,02,,historique,36
213,POLYPBASE-000213,MPA-JKA-3.03,03,,historique,78
214,POLYPBASE-000214,MPA-JKA-3.04,04,,historique,78
215,POLYPBASE-000215,PPU-FRO-1.06,06,,historique,40
216,POLYPBASE-000216,PPU-FRO-1.07,07,,historique,40
217,POLYPBASE-000217,PPU-FRO-1.08,08,,historique,40
218,POLYPBASE-000218,PPU-FRO-1.09,09,,historique,40
219,POLYPBASE-000219,PPU-FRO-1.10,10,,historique,40
220,POLYPBASE-000220,RLU-JKA-2.02,02,,historique,42
221,POLYPBASE-000221,RPU-JKA-3.03,03,,historique,90
222,POLYPBASE-000222,RPU-ESP-3.04,04,,historique,45
223,POLYPBASE-000223,RAS-JKA-1.04,04,,historique,46
224,POLYPBASE-000224,RAS-JKA-1.05,05,,historique,46
225,POLYPBASE-000225,RES-JKA-1.04,04,,historique,47
226,POLYPBASE-000226,SME-JKA-1.06,06,,historique,48
227,POLYPBASE-000227,SME-JKA-1.07,07,,historique,48
228,POLYPBASE-000228,TTH-AVI-1.05,05,,historique,49
229,POLYPBASE-000229,TTH-AVI-1.06,06,,historique,49
230,POLYPBASE-000230,TTH-AVI-1.07,07,,historique,49
231,POLYPBASE-000231,CAC-JKA-1.03,03,,historique,50
232,POLYPBASE-000232,CAC-JKA-1.04,04,,historique,50
233,POLYPBASE-000233,CAC-JKA-1.05,05,,historique,50
234,POLYPBASE-000234,CAC-JKA-2.01,01,,historique,91
235,POLYPBASE-000235,CCP-TPR-1.04,04,,historique,51
236,POLYPBASE-000236,CCP-TPR-1.05,05,,historique,51
237,POLYPBASE-000237,CCP-TPR-1.06,06,,historique,51
238,POLYPBASE-000238,CCO-JKA-1.03,03,,historique,52
239,POLYPBASE-000239,CCO-JKA-1.04,04,,historique,52
240,POLYPBASE-000240,CCO-JKA-1.05,05,,historique,52
241,POLYPBASE-000241,CCO-FRO-2.02,02,,historique,81
242,POLYPBASE-000242,CFU-JKA-1.04,04,,historique,53
243,POLYPBASE-000243,CFU-JKA-3.01,01,,historique,92
244,POLYPBASE-000244,CHY-JKA-2.01,01,,historique,93
245,POLYPBASE-000245,CLA-JKA-1.03,03,,historique,59
246,POLYPBASE-000246,CLA-JKA-1.04,04,,historique,59
247,POLYPBASE-000247,CME-JKA-2.01,01,,historique,94
248,POLYPBASE-000248,CPA-JKA-1.04,04,,historique,61
249,POLYPBASE-000249,CPA-FRO-2.01,01,,historique,95
250,POLYPBASE-000250,CPL-PIL-2.04,04,,historique,62
251,POLYPBASE-000251,CQU-JKA-1.05,05,,historique,65
252,POLYPBASE-000252,CQU-JKA-1.06,06,,historique,65
253,POLYPBASE-000253,CCA-EOB-2.05,05,,historique,66
254,POLYPBASE-000254,CLA-EVA-3.03,03,,historique,69
255,POLYPBASE-000255,CLA-EVA-3.04,04,,historique,69
256,POLYPBASE-000256,CLA-JKA-4.01,01,,historique,96
257,POLYPBASE-000257,CNO-JKA-1.03,03,,historique,70
258,POLYPBASE-000258,PPO-JKA-2.01,01,,historique,97
259,POLYPBASE-000259,PCA-ABE-1.05,05,,historique,98
260,POLYPBASE-000260,SMA-JKA-1.05,05,,historique,75
261,POLYPBASE-000261,SMA-JKA-2.04,04,,historique,76
262,POLYPBASE-000262,SMA-MAU-3.01,01,,historique,99
263,POLYPBASE-000263,ACA-FBA-1.01,01,,historique,100
264,POLYPBASE-000264,ACA-FBA-1.02,02,,historique,100
265,POLYPBASE-000265,ALA-JKA-1.08,08,,historique,1
266,POLYPBASE-000266,ALI-FPA-2.04,04,,historique,101
267,POLYPBASE-000267,AMA-JKA-1.08,08,,historique,5
268,POLYPBASE-000268,ASP-EVA1.01,01,,historique,102
269,POLYPBASE-000269,ASP-EVA-1.02,02,,historique,103
270,POLYPBASE-000270,LAQ-JKA-1.07,07,,historique,6
271,POLYPBASE-000271,LUN-ESS-1.07,07,,historique,7
272,POLYPBASE-000272,AMO-JKA-1.07,07,,historique,9
273,POLYPBASE-000273,CXA-JKA-1.04,04,,historique,104
274,POLYPBASE-000274,CXA-JKA-1.05,05,,historique,104
275,POLYPBASE-000275,CXA-JKA-1.06,06,,historique,104
276,POLYPBASE-000276,TBI-JKA-1.02,02,,historique,82
277,POLYPBASE-000277,TBI-JKA-1.03,03,,historique,82
278,POLYPBASE-000278,AVI-JKA-1.07,07,,historique,12
279,POLYPBASE-000279,CLS-FPA-1.02,02,,historique,84
280,POLYPBASE-000280,CLH-FVI-1.05,05,,historique,13
281,POLYPBASE-000281,CSO-JKA-4.05,05,,historique,85
282,POLYPBASE-000282,ECT-JKA-1.01,01,,historique,105
283,POLYPBASE-000283,EHE-JKA-1.02,02,,historique,86
284,POLYPBASE-000284,EHE-JKA-1.03,03,,historique,86
285,POLYPBASE-000285,ELA-FPA-1.06,06,,historique,16
286,POLYPBASE-000286,EIN-JKA-1.06,06,,historique,17
287,POLYPBASE-000287,GVE-JKA-1.01,01,,historique,106
288,POLYPBASE-000288,GVE-JKA-1.02,02,,historique,106
289,POLYPBASE-000289,LSP-FPA-1.05,05,,historique,18
290,POLYPBASE-000290,LSP-FPA-1.06,06,,historique,18
291,POLYPBASE-000291,LSP-FPA-1.07,07,,historique,18
292,POLYPBASE-000292,MOC-JKA-1.02,02,,historique,87
293,POLYPBASE-000293,MGA-EST-1.01,01,,historique,107
294,POLYPBASE-000294,NBR-JKA-1.06,06,,historique,20
295,POLYPBASE-000295,STU-JKA-1.06,06,,historique,22
296,POLYPBASE-000296,TMU-JKA-2.02,02,,historique,88
297,POLYPBASE-000297,TNI-JKA-1.02,02,,historique,89
298,POLYPBASE-000298,CSP-FPA-1.07,07,,historique,26
299,POLYPBASE-000299,CSP-FPA-2.03,03,,historique,27
300,POLYPBASE-000300,CMO-JEN-1.08,08,,historique,29
301,POLYPBASE-000301,CMO-JEN-1.09,09,,historique,29
302,POLYPBASE-000302,CTO-JKA-1.01,01,,historique,108
303,POLYPBASE-000303,CCE-ABE-1.08,08,,historique,31
304,POLYPBASE-000304,CFU-JKA-2.04,04,,historique,109
305,POLYPBASE-000305,MPA-JKA-3.05,05,,historique,78
306,POLYPBASE-000306,PPU-FRO-1.11,11,,historique,40
307,POLYPBASE-000307,RAS-JKA-1.06,06,,historique,46
308,POLYPBASE-000308,RES-JKA-1.05,05,,historique,47
309,POLYPBASE-000309,SME-JKA-1.08,08,,historique,48
310,POLYPBASE-000310,SME-JKA-1.09,09,,historique,48
311,POLYPBASE-000311,SME-JKA-1.10,10,,historique,48
312,POLYPBASE-000312,TTH-AVI-1.08,08,,historique,49
313,POLYPBASE-000313,CAC-JKA-2.02,02,,historique,91
314,POLYPBASE-000314,CCP-TPR-1.07,07,,historique,51
315,POLYPBASE-000315,CCH-JKA-1.01,01,,historique,110
316,POLYPBASE-000316,CLA-JKA-1.05,05,,historique,59
317,POLYPBASE-000317,CLA-JKA-1.06,06,,historique,59
318,POLYPBASE-000318,CPL-PIL-2.05,05,,historique,62
319,POLYPBASE-000319,CPL-PIL-2.06,06,,historique,62
320,POLYPBASE-000320,CQU-JKA-1.07,07,,historique,65
321,POLYPBASE-000321,CLA-JKA-4.02,02,,historique,96
322,POLYPBASE-000322,CNO-JKA-1.04,04,,historique,70
323,POLYPBASE-000323,CVE-AFR-1.01,01,,historique,111
324,POLYPBASE-000324,CVE-AFR-1.02,02,,historique,111
325,POLYPBASE-000325,PPO-JKA-2.02,02,,historique,97
326,POLYPBASE-000326,PCA-ABE-2.03,03,,historique,112
327,POLYPBASE-000327,RPU-FBA-1.01 (2B),01 (2B),,historique,113
328,POLYPBASE-000328,RPU-FBA-1.02 (7),02 (7),,historique,113
329,POLYPBASE-000329,RPU-FBA-1.03 (2),03 (2),,historique,113
330,POLYPBASE-000330,RPU-FBA-1.04 (8),04 (8),,historique,113
331,POLYPBASE-000331,RPU-FBA-1.05,05,,historique,113
332,POLYPBASE-000332,RPU-FBA-1.06,06,,historique,113
333,POLYPBASE-000333,RPU-FBA-1.07,07,,historique,113
334,POLYPBASE-000334,RPU-FBA-1.08,08,,historique,113
335,POLYPBASE-000335,RPU-FBA-1.09,09,,historique,113
336,POLYPBASE-000336,RPU-FBA-1.10,10,,historique,113
337,POLYPBASE-000337,RPU-FBA-1.11,11,,historique,113
338,POLYPBASE-000338,RPU-FBA-1.12,12,,historique,113
339,POLYPBASE-000339,ALI-JKA-2.04,04,,historique,3
340,POLYPBASE-000340,AMA-JKA-1.09,09,,historique,5
341,POLYPBASE-000341,AMA-JKA-1.10,10,,historique,5
342,POLYPBASE-000342,ASP-EVA-1.03,03,,historique,103
343,POLYPBASE-000343,LAQ-JKA-1.08,08,,historique,6
344,POLYPBASE-000344,LAQ-JKA-1.09,09,,historique,6
345,POLYPBASE-000345,9,,,historique,115
346,POLYPBASE-000346,10,,,historique,116
347,POLYPBASE-000347,LIN-FPA-1.01,01,,historique,117
348,POLYPBASE-000348,AMO-JKA-1.08,08,,historique,9
349,POLYPBASE-000349,CXA-JKA-1.07,07,,historique,104
350,POLYPBASE-000350,CXA-JKA-1.08,08,,historique,104
351,POLYPBASE-000351,TBI-JKA-1.04,04,,historique,82
352,POLYPBASE-000352,TCY-FGU-1.01,01,,historique,118
353,POLYPBASE-000353,TCY-FGU-1.02,02,,historique,118
354,POLYPBASE-000354,TCY-FGU-1.03,03,,historique,118
355,POLYPBASE-000355,ACO-JKA-2.06,06,,historique,11
356,POLYPBASE-000356,AMD-JKA-1.02,02,,historique,83
357,POLYPBASE-000357,BMU-EVA-1.01,01,,historique,119
358,POLYPBASE-000358,CMU-JKA-1.01,01,,historique,120
359,POLYPBASE-000359,CLH-FVI-1.06,06,,historique,13
360,POLYPBASE-000360,CLH-FVI-1.07,07,,historique,13
361,POLYPBASE-000361,ELA-FPA-1.0,0,,historique,16
362,POLYPBASE-000362,ELA-FPA-1.07,07,,historique,16
363,POLYPBASE-000363,GVE-JKA-1.03,03,,historique,106
364,POLYPBASE-000364,HSP-EVA-1.01,01,,historique,121
365,POLYPBASE-000365,HMU-JKA-1.01,01,,historique,122
366,POLYPBASE-000366,JND-FBA-1.03,03,,historique,123
367,POLYPBASE-000367,JND-FBA-1.04,04,,historique,123
368,POLYPBASE-000368,LAO-JKA-1.01,01,,historique,124
369,POLYPBASE-000369,LSP-FPA-1.08,08,,historique,18
370,POLYPBASE-000370,MOC-JKA-1.03,03,,historique,87
371,POLYPBASE-000371,MOC-JKA-1.04,04,,historique,87
372,POLYPBASE-000372,MOC-JKA-1.05,05,,historique,87
373,POLYPBASE-000373,5,,,historique,125
374,POLYPBASE-000374,NBR-JKA-1.07,07,,historique,20
375,POLYPBASE-000375,OSP-JKA-1.01,01,,historique,126
376,POLYPBASE-000376,PSP-FGU-1.01,01,,historique,127
377,POLYPBASE-000377,PSP-FGU-1.02,02,,historique,127
378,POLYPBASE-000378,PSP-FGU-1.03,03,,historique,127
379,POLYPBASE-000379,PSP-FGU-1.04,04,,historique,127
380,POLYPBASE-000380,TMU-JKA-2.03,03,,historique,88
381,POLYPBASE-000381,TNI-JKA-1.03,03,,historique,89
382,POLYPBASE-000382,TPA-JHO-1.01,01,,historique,128
383,POLYPBASE-000383,TPA-JHO-1.02,02,,historique,128
384,POLYPBASE-000384,TPA-JHO-1.03,03,,historique,128
385,POLYPBASE-000385,TSP-JKA-2.01,01,,historique,129
386,POLYPBASE-000386,CFR-FGU-1.01,01,,historique,130
387,POLYPBASE-000387,CFR-FGU-1.02,02,,historique,130
388,POLYPBASE-000388,CXM-FGU-1.01,01,,historique,131
389,POLYPBASE-000389,CXM-FGU-1.02,02,,historique,131
390,POLYPBASE-000390,CXM-FGU-1.03,03,,historique,131
391,POLYPBASE-000391,CXM-FGU-1.04,04,,historique,131
392,POLYPBASE-000392,CTO-JKA-1.02,02,,historique,108
393,POLYPBASE-000393,CTO-JKA-1.03,03,,historique,108
394,POLYPBASE-000394,CCE-ABE-1.09,09,,historique,31
395,POLYPBASE-000395,CTU-FCF-2.04,04,,historique,33
396,POLYPBASE-000396,CTU-FCF-2.05,05,,historique,33
397,POLYPBASE-000397,CTU-FCF-2.06,06,,historique,33
398,POLYPBASE-000398,LLU-JKA-2.03,03,,historique,36
399,POLYPBASE-000399,LMA-TAI-1.01,01,,historique,132
400,POLYPBASE-000400,MPA-JKA-3.06,06,,historique,78
401,POLYPBASE-000401,MPA-JKA-3.07,07,,historique,78
402,POLYPBASE-000402,PPU-FRO-1.12,12,,historique,40
403,POLYPBASE-000403,RLU-JKA-2.03,03,,historique,42
404,POLYPBASE-000404,RPU-ESP-3.05,05,,historique,45
405,POLYPBASE-000405,RPU-ESP-3.06,06,,historique,45
406,POLYPBASE-000406,RVE-JKA-1.01,01,,historique,133
407,POLYPBASE-000407,RVE-ACH-2.01,01,,historique,134
408,POLYPBASE-000408,SME-ACH-1.01,01,,historique,135
409,POLYPBASE-000409,SSP-JKA-1.08,08,,historique,136
410,POLYPBASE-000410,SSP-JKA-1.09,09,,historique,136
411,POLYPBASE-000411,SSP-JKA-1.10,10,,historique,136
412,POLYPBASE-000412,SSP-JKA-1.11,11,,historique,136
413,POLYPBASE-000413,SSP-JKA-1.12,12,,historique,136
414,POLYPBASE-000414,TTH-AVI-1.09,09,,historique,49
415,POLYPBASE-000415,CCP-ACH-2.01,01,,historique,137
416,POLYPBASE-000416,CCP-ACH-3.01,01,,historique,138
417,POLYPBASE-000417,CFU-IGE-4.01,01,,historique,139
418,POLYPBASE-000418,CFU-IGE-4.02,02,,historique,139
419,POLYPBASE-000419,CLA-JKA-1.07,07,,historique,59
420,POLYPBASE-000420,CLA-JKA-1.08,08,,historique,59
421,POLYPBASE-000421,CPA-FRO-2.02,02,,historique,95
422,POLYPBASE-000422,CPA-FRO-2.03,03,,historique,95
423,POLYPBASE-000423,CPL-PIL-2.07,07,,historique,62
424,POLYPBASE-000424,CPL-PIL-2.08,08,,historique,62
425,POLYPBASE-000425,CCA-EOB-2.06,06,,historique,66
426,POLYPBASE-000426,CFV-ACH-1.01,01,,historique,140
427,POLYPBASE-000427,CFV-ACH-2.01,01,,historique,141
428,POLYPBASE-000428,CVE-AKU-1.01,01,,historique,142
429,POLYPBASE-000429,CVE-AKU-1.02,02,,historique,142
430,POLYPBASE-000430,PPO-JKA-2.03,03,,historique,97
431,POLYPBASE-000431,AAU-NBE-1.01,01,,historique,145
432,POLYPBASE-000432,AAU-NBE-1.02,02,,historique,145
433,POLYPBASE-000433,ACA-FBA-2.01,01,,historique,146
434,POLYPBASE-000434,ACA-FBA-2.02,02,,historique,146
435,POLYPBASE-000435,ADD-JTB-1.01,01,,historique,147
436,POLYPBASE-000436,ALA-JKA-1.09,09,,historique,1
437,POLYPBASE-000437,ALI-JKA-2.05,05,,historique,3
438,POLYPBASE-000438,ALI-FPA-3.03,03,,historique,4
439,POLYPBASE-000439,AUS-FGU-1.01,01,,historique,148
440,POLYPBASE-000440,AUS-FGU-1.02,02,,historique,148
441,POLYPBASE-000441,APH-PHI-1.01,01,,historique,149
442,POLYPBASE-000442,COR-JIS-1.01,01,,historique,151
443,POLYPBASE-000443,LDR-JAP-1.01,01,,historique,152
444,POLYPBASE-000444,AAL-FGU-1.01,01,,historique,153
445,POLYPBASE-000445,AAL-FGU-1.02,02,,historique,153
446,POLYPBASE-000446,CBR-JAP-1.01,01,,historique,154
447,POLYPBASE-000447,CMA-JAP-1.01,01,,historique,155
448,POLYPBASE-000448,AMD-JKA-1.03,03,,historique,83
449,POLYPBASE-000449,ADI-MGF-1.01,01,,historique,156
450,POLYPBASE-000450,BLA-THA-1.01,01,,historique,157
451,POLYPBASE-000451,CMU-NBE-1.01,01,,historique,158
452,POLYPBASE-000452,CNU-NBE-1.01,01,,historique,159
453,POLYPBASE-000453,COR-MGF-1.01,01,,historique,160
454,POLYPBASE-000454,DDI-MGF-1.01,01,,historique,161
455,POLYPBASE-000455,DPU-NBE-1.01,01,,historique,162
456,POLYPBASE-000456,ECT-JKA-1.02,02,,historique,105
457,POLYPBASE-000457,ELR-NBE-1.01,01,,historique,163
458,POLYPBASE-000458,EMA-FGU-1.01,01,,historique,164
459,POLYPBASE-000459,ELA-FPA-1.08,08,,historique,16
460,POLYPBASE-000460,EUD-NBE-1.01,01,,historique,165
461,POLYPBASE-000461,EUD-EMU-1.01,01,,historique,166
462,POLYPBASE-000462,HAL-NBE-1.01,01,,historique,167
463,POLYPBASE-000463,HYD-FBN-1.01,01,,historique,168
464,POLYPBASE-000464,Station n°1,,,historique,169
465,POLYPBASE-000465,Station n°2,,,historique,170
466,POLYPBASE-000466,Station n°3,,,historique,171
467,POLYPBASE-000467,Station n°5,,,historique,172
468,POLYPBASE-000468,JANEDOE-FBA-1.03,03,,historique,173
469,POLYPBASE-000469,JANEDOE-FBA-1.04,04,,historique,173
470,POLYPBASE-000470,KPI-NBE-1.01,01,,historique,174
471,POLYPBASE-000471,KHA-EMU-1.01,01,,historique,175
472,POLYPBASE-000472,LAO-JKA-1.02,02,,historique,124
473,POLYPBASE-000473,LSP-FPA-1.09,09,,historique,18
474,POLYPBASE-000474,MGA-EST-1.02,02,,historique,107
475,POLYPBASE-000475,MYR-JKG-1.01,01,,historique,176
476,POLYPBASE-000476,OBE-NBE-1.01,01,,historique,177
477,POLYPBASE-000477,OBE-NBE-1.02,02,,historique,177
478,POLYPBASE-000478,OBE-TAI-2.01,01,,historique,178
479,POLYPBASE-000479,OCE-TAI-1.01,01,,historique,179
480,POLYPBASE-000480,PDI-FGU-1.04,04,,historique,180
481,POLYPBASE-000481,PDI-EMU-2.01,01,,historique,181
482,POLYPBASE-000482,RGO-FGU-1.01,01,,historique,182
483,POLYPBASE-000483,RGO-FGU-1.02,02,,historique,182
484,POLYPBASE-000484,RGO-FGU-1.03,03,,historique,182
485,POLYPBASE-000485,SAR-NBE-2.01,01,,historique,183
486,POLYPBASE-000486,SAR-NBE-2.02,02,,historique,183
487,POLYPBASE-000487,SAR-NBE-2.03,03,,historique,183
488,POLYPBASE-000488,SAR-NBE-2.04,04,,historique,183
489,POLYPBASE-000489,SAR-NBE-2.05,05,,historique,183
490,POLYPBASE-000490,TBE-NBE-1.01,01,,historique,186
491,POLYPBASE-000491,TIN-NBE-1.01,01,,historique,187
492,POLYPBASE-000492,TIN-NBE-1.02,02,,historique,187
493,POLYPBASE-000493,TUB-NBE-1.01,01,,historique,188
494,POLYPBASE-000494,ZAN-JAP-1.01,01,,historique,189
495,POLYPBASE-000495,AHA-MAL-1.01,01,,historique,190
496,POLYPBASE-000496,AFL-TAI-1.01,01,,historique,191
497,POLYPBASE-000497,AFL-TAI-1.02,02,,historique,191
498,POLYPBASE-000498,ASH-???-1.01,01,,historique,192
499,POLYPBASE-000499,CFR-FGU-1.03,03,,historique,130
500,POLYPBASE-000500,CSP-FPA-2.04,04,,historique,27
501,POLYPBASE-000501,CSP-FPA-2.05,05,,historique,27
502,POLYPBASE-000502,CSP-FRO-3.02,02,,historique,193
503,POLYPBASE-000503,CXM-FGU-1.05,05,,historique,131
504,POLYPBASE-000504,CTA-PLI-1.01,01,,historique,194
505,POLYPBASE-000505,CTO-JKA-1.04,04,,historique,108
506,POLYPBASE-000506,LMA-TAI-2.01,01,,historique,196
507,POLYPBASE-000507,LMA-TAI-2.02,02,,historique,196
508,POLYPBASE-000508,MPA-JKA-3.08,08,,historique,78
509,POLYPBASE-000509,MPA-IPA-4.01,01,,historique,197
510,POLYPBASE-000510,PPU-FRO-1.13,13,,historique,40
511,POLYPBASE-000511,PYU-CNI-1.01,01,,historique,198
512,POLYPBASE-000512,PYU-CNI-1.02,02,,historique,198
513,POLYPBASE-000513,RLU-FRO-2.03,03,,historique,199
514,POLYPBASE-000514,RLU-FRO-2.04,04,,historique,199
515,POLYPBASE-000515,RPU-FRO-2.05,05,,historique,200
516,POLYPBASE-000516,RAS-JKA-1.07,07,,historique,46
517,POLYPBASE-000517,RES-JKA-1.06,06,,historique,47
518,POLYPBASE-000518,SME-JKA-2.01,01,,historique,201
519,POLYPBASE-000519,STS-MGF-1.01,01,,historique,202
520,POLYPBASE-000520,STS-MGF-1.02,02,,historique,202
521,POLYPBASE-000521,VAN-TCH-1.01,01,,historique,203
522,POLYPBASE-000522,CCP-TPR-1.09,09,,historique,204
523,POLYPBASE-000523,CHY-CPU-2.01,01,,historique,205
524,POLYPBASE-000524,CHY-CPU-2.02,02,,historique,205
525,POLYPBASE-000525,CLA-JKA-1.09,09,,historique,59
526,POLYPBASE-000526,"CHS-MGF-1.01""red""","01""red""",,historique,206
527,POLYPBASE-000527,"CHS-MGF-2.01""reddish""","01""reddish""",,historique,207
528,POLYPBASE-000528,"CHS-MGF-3.01""reddish""","01""reddish""",,historique,208
529,POLYPBASE-000529,"CHS-MGF-4.01""blue""","01""blue""",,historique,209
530,POLYPBASE-000530,CLA-JKA-4.03,03,,historique,96
531,POLYPBASE-000531,CLA-NBE-5.01,01,,historique,210
532,POLYPBASE-000532,PCA-JKA-1.05,05,,historique,72
533,POLYPBASE-000533,PCA-CHO-2.03,03,,historique,73
534,POLYPBASE-000534,SMA-MAU-3.04,04,,historique,144
535,POLYPBASE-000535,LQU-NBE-1.01,01,,historique,211
536,POLYPBASE-000536,STA-FPA-1.01,01,,historique,212
537,POLYPBASE-000537,STA-FPA-1.02,02,,historique,212
538,POLYPBASE-000538,AMR-FGU-1.01,01,,historique,214
539,POLYPBASE-000539,LAQ-JKA-1.10,10,,historique,6
540,POLYPBASE-000540,AMO-JKA-1.09,09,,historique,9
541,POLYPBASE-000541,CMA-JAP-1.02,02,,historique,155
542,POLYPBASE-000542,TBI-JKA-1.05,05,,historique,82
543,POLYPBASE-000543,AVI-JKA-1.08,08,,historique,12
544,POLYPBASE-000544,CLH-FVI-1.08,08,,historique,13
545,POLYPBASE-000545,EIN-JKA-1.07,07,,historique,17
546,POLYPBASE-000546,LAO-JKA-1.03,03,,historique,124
547,POLYPBASE-000547,AFL-TAI-1.03,03,,historique,191
548,POLYPBASE-000548,CTA-PLI-1.02,02,,historique,194
549,POLYPBASE-000549,CTU-FCF-2.07,07,,historique,33
550,POLYPBASE-000550,LLU-JKA-2.04,04,,historique,36
551,POLYPBASE-000551,MPA-IPA-3.08,08,,historique,218
552,POLYPBASE-000552,RLU-FRO-2.05,05,,historique,199
553,POLYPBASE-000553,RES-JKA-1.07,07,,historique,47
554,POLYPBASE-000554,RVE-JKA-1.02,02,,historique,133
555,POLYPBASE-000555,SME-JKA-2.02,02,,historique,201
556,POLYPBASE-000556,CAC-JKA-2.03,03,,historique,91
557,POLYPBASE-000557,CAC-JKA-2.04,04,,historique,219
558,POLYPBASE-000558,CAC-JKA-2.05,05,,historique,219
559,POLYPBASE-000559,CCP-ACH-2.02,02,,historique,137
560,POLYPBASE-000560,CCP-ACH-3.02,02,,historique,138
561,POLYPBASE-000561,CLA-JKA1.10,10,,historique,220
562,POLYPBASE-000562,PCA-CHO-1.05,05,,historique,221
563,POLYPBASE-000563,PCA-ABE-2.04,04,,historique,112
